<?xml version="1.0"?><fonts><font displayName="Avenir® W01 35 Light" psName="AvenirLTW01-35Light" FamilyName="Avenir®" FontWeight="200" FontStyle="normal" FontStretch="normal" CssFamilyName="Avenir LT W01_35 Light" woff="c4352a95-7a41-48c1-83ce-d8ffd2a3b118.woff" eot="3511a780-31ca-4ee1-9083-89b1b7185748.eot" ttf="3e419b5b-c789-488d-84cf-a64009cc308e.ttf" svg="ca038835-1be3-4dc5-ba25-be1df6121499.svg" woff2="4fb9056b-4ac3-488b-9bac-75741b0ff0bd.woff2"/><font displayName="Avenir® W01 45 Book" psName="AvenirLTW01-45Book" FamilyName="Avenir®" FontWeight="300" FontStyle="normal" FontStretch="normal" CssFamilyName="Avenir LT W01_45 Book" woff="939cba03-5b40-4d01-9bc5-7589eca863db.woff" eot="4f32268f-fd86-4960-b72c-4bb1ba75ec6f.eot" ttf="849bc5b9-a2ff-4343-977b-26ba8bd24a60.ttf" svg="f67fa3b5-c1d1-488f-8e60-a828b9ad56a4.svg" woff2="9bcb625d-81de-48c2-ba0c-664558d197e3.woff2"/><font displayName="Avenir® W01 45 Book Oblique" psName="AvenirLTW01-45BookOblique" FamilyName="Avenir®" FontWeight="300" FontStyle="oblique" FontStretch="normal" CssFamilyName="AvenirLTW01-45BookObliq" woff="ca94ed56-18fc-4856-940a-70a072607c7c.woff" eot="acc13cdc-338a-43e6-a156-e54a4c87582d.eot" ttf="dd6da407-70fe-4aa3-a1c7-64f0cb086f01.ttf" svg="c7f424be-90e1-45b8-b617-ee3589a859bd.svg" woff2="70ed6fd5-9adf-4d08-8b30-514af1de7ca2.woff2"/><font displayName="Avenir® W01 65 Medium" psName="AvenirLTW01-65Medium" FamilyName="Avenir®" FontWeight="500" FontStyle="normal" FontStretch="normal" CssFamilyName="Avenir LT W01_65 Medium" woff="2cac77ec-9bc0-4ee7-87e4-27650190744f.woff" eot="212ab03d-5db2-4d6a-b94c-171cc702aa51.eot" ttf="aaf11848-aac2-4d09-9a9c-aac5ff7b8ff4.ttf" svg="294099f3-8d00-4676-afc5-5e9d8d43ad69.svg" woff2="e4d36745-a861-4a49-aa17-6510e67429d3.woff2"/><font displayName="Avenir® W01 65 Medium Oblique" psName="AvenirLTW01-65MediumOblique" FamilyName="Avenir®" FontWeight="500" FontStyle="oblique" FontStretch="normal" CssFamilyName="AvenirLTW01-65MediumObl" woff="e0af2f49-a399-482b-a54e-d745e268ec80.woff" eot="2a6f81a2-475c-4831-9949-33d7748ee561.eot" ttf="6803d3dd-2107-45fc-ac8a-a4fa13771547.ttf" svg="1bb1acb5-8d4e-4800-88af-dbcf1fe96ef8.svg" woff2="695a9fa5-9f57-4800-9993-3684d520f107.woff2"/><font displayName="Ciutadella W04 Medium" psName="CiutadellaW04-Medium" FamilyName="Ciutadella" FontWeight="500" FontStyle="normal" FontStretch="normal" CssFamilyName="Ciutadella W04 Medium" woff="37b97c80-647a-4123-b7ee-7bd3701ba68a.woff" eot="7bdd0be0-f361-4d36-9e14-05337303f255.eot" ttf="5a50bc44-892b-4ab3-8b7b-f652b48ee431.ttf" svg="e232f02f-57b5-48ae-951e-b3117b3d91de.svg" woff2="ed194b8a-64f3-48d2-bddf-92263193203f.woff2"/><font displayName="Ciutadella W04 SemiBold" psName="CiutadellaW04-SmBold" FamilyName="Ciutadella" FontWeight="600" FontStyle="normal" FontStretch="normal" CssFamilyName="Ciutadella W04 SmBold" woff="9ed1d093-f7c8-4fe8-965f-be965fe3f50e.woff" eot="829adf53-a18c-4a54-9cd3-dd894a8634a9.eot" ttf="0a464e3c-b811-4aa2-b3ef-42877f0913d7.ttf" svg="bf4747b0-2500-4f42-b2d3-9df1d7175e3e.svg" woff2="7b38e6b6-d5db-412d-b147-145b5840d624.woff2"/><font displayName="Ciutadella W04 Bold" psName="CiutadellaW04-Bold" FamilyName="Ciutadella" FontWeight="700" FontStyle="normal" FontStretch="normal" CssFamilyName="Ciutadella W04 Bold" woff="032894d3-2aab-40ca-bbef-651cdc9cd972.woff" eot="74b4dd68-6d32-47cc-84de-23e5a5ed0b33.eot" ttf="dfe36cb7-94ef-477f-981c-25cf8e6a1452.ttf" svg="9dd50792-6387-4112-9787-40456e7bafbc.svg" woff2="20db9fd0-d6d6-445c-ae1f-b2a89f76eef7.woff2"/></fonts>